class_name,train,val,test
class1,13.063316457278578,10.349985043374215,7.226107226107226
class2,6.10663166447903,6.7603948549207304,6.893106893106893
class3,1.3688355522220137,2.4678432545617706,3.263403263403263
class4,0.04375273454590912,0.10469638049655998,0.2997002997002997
class5,0.04375273454590912,0.04486987735566856,0.0666000666000666
class6,0.7312957059816239,1.0768770565360455,0.8325008325008326
class7,7.187949246827927,7.2539635058330845,5.994005994005994
class8,0.17501093818363647,0.43374214777146275,0.4662004662004662
class9,1.687605475342209,2.1986239904277594,1.2321012321012321
class10,2.1063816488530533,3.0511516601854622,1.9314019314019315
class11,0.743796487280455,0.5833084056236914,0.4995004995004995
class12,7.419213700856303,4.9506431349087645,8.957708957708958
class13,11.525720357522346,9.43763087047562,7.459207459207459
class14,0.6562910181886368,0.6730481603350283,0.5328005328005327
class15,0.04375273454590912,0.029913251570445706,0.0666000666000666
class16,0.11250703168948059,0.2991325157044571,0.0333000333000333
class17,0.40627539221201325,0.5085252766975771,0.333000333000333
class18,9.031814488405525,7.687705653604547,8.991008991008991
class19,7.8879929995624725,8.106491175590786,10.38961038961039
class20,1.3563347709231828,1.211486688603051,1.6650016650016652
class21,13.500843802737672,17.828297935985642,15.35131535131535
class22,14.800925057816114,14.941669159437632,17.515817515817517
