reference,comparison,metric,n_reference,n_comparison,reference_mean,comparison_mean,mean_difference,smd,ks_distance,pair
train,val,mean_r,15999,6686,92.35234776433762,92.85456233091637,0.5022145665787434,0.014942670639586136,0.0320020375189094,val − train
train,val,mean_g,15999,6686,86.31015804304363,86.50235401296773,0.19219596992410004,0.0061975251249843195,0.01847544801493259,val − train
train,val,mean_b,15999,6686,77.2201158133244,75.90552214102726,-1.3145936722971356,-0.038828122148353336,0.027497325073992718,val − train
train,val,brightness,15999,6686,86.93842642044558,87.08774213166141,0.1493157112158343,0.004817905961039575,0.02112988216415035,val − train
train,val,contrast,15999,6686,47.398047717409334,48.35797489427571,0.9599271768663797,0.07205073369500521,0.03131924357297461,val − train
train,val,saturation,15999,6686,0.27744540679104784,0.29032210949746196,0.012876702706414112,0.07302536233505061,0.038813514313086106,val − train
train,val,entropy,15999,6686,3.864539297449094,3.8715077889619094,0.006968491512815422,0.00979268032777245,0.01595895062017505,val − train
train,val,log_laplacian_var,15999,6686,8.115282994019918,8.130219855699856,0.014936861679938573,0.02317762544095292,0.02300426082941881,val − train
train,val,dark_pct,15999,6686,4.300213195901241,3.7528380830357593,-0.547375112865482,-0.05439987762324721,0.02965818776775553,val − train
train,val,bright_pct,15999,6686,2.545619738644147,2.6478211964599536,0.10220145781580658,0.03544483322748411,0.018414327682796994,val − train
train,val,file_size_kib,15999,6686,576.5111602434137,585.3565560265854,8.845395783171739,0.05382883436982749,0.03557863332656319,val − train
train,test,mean_r,15999,3003,92.35234776433762,98.91371405795539,6.561366293617766,0.20237241070559062,0.1068056888420661,test − train
train,test,mean_g,15999,3003,86.31015804304363,94.58136822785927,8.271210184815644,0.2726221359608259,0.13201643034757604,test − train
train,test,mean_b,15999,3003,77.2201158133244,81.14434346635065,3.92422765302625,0.11917774744980741,0.10279850782382188,test − train
train,test,brightness,15999,3003,86.93842642044558,94.53227162210297,7.593845201657388,0.2514297960462894,0.12109329510417077,test − train
train,test,contrast,15999,3003,47.398047717409334,44.77076977791089,-2.627277939498441,-0.22451467868294767,0.08352545011086165,test − train
train,test,saturation,15999,3003,0.27744540679104784,0.2672023274863923,-0.010243079304655567,-0.056958895373728835,0.15259888558219703,test − train
train,test,entropy,15999,3003,3.864539297449094,3.9274061494832666,0.06286685203417264,0.1035251499421936,0.07583372312417869,test − train
train,test,log_laplacian_var,15999,3003,8.115282994019918,8.236595832922468,0.12131283890255062,0.19926128830187814,0.10513525476960692,test − train
train,test,dark_pct,15999,3003,4.300213195901241,1.3140803424006549,-2.986132853500586,-0.35454345440343926,0.2873014853138611,test − train
train,test,bright_pct,15999,3003,2.545619738644147,2.231968064487596,-0.31365167415655115,-0.14559371140256505,0.09549597848866553,test − train
train,test,file_size_kib,15999,3003,576.5111602434137,698.2636946386947,121.75253439528103,0.8162894132185464,0.33867701146906093,test − train
val,test,mean_r,6686,3003,92.85456233091637,98.91371405795539,6.059151727039023,0.19179033662713238,0.10391283858229716,test − val
val,test,mean_g,6686,3003,86.50235401296773,94.58136822785927,8.079014214891544,0.26986550740411225,0.12884303850501877,test − val
val,test,mean_b,6686,3003,75.90552214102726,81.14434346635065,5.238821325323386,0.16137591213172092,0.11014237532335053,test − val
val,test,brightness,6686,3003,87.08774213166141,94.53227162210297,7.444529490441553,0.25090667866958666,0.12184983228955715,test − val
val,test,contrast,6686,3003,48.35797489427571,44.77076977791089,-3.587205116364821,-0.29396223091331924,0.11011025070253311,test − val
val,test,saturation,6686,3003,0.29032210949746196,0.2672023274863923,-0.02311978201106968,-0.12575973698044934,0.16160392603706997,test − val
val,test,entropy,6686,3003,3.8715077889619094,3.9274061494832666,0.055898360521357215,0.09140749118406623,0.07424298704585874,test − val
val,test,log_laplacian_var,6686,3003,8.130219855699856,8.236595832922468,0.10637597722261205,0.1737745441045238,0.08804123386833529,test − val
val,test,dark_pct,6686,3003,3.7528380830357593,1.3140803424006549,-2.438757740635104,-0.3023476157013504,0.26959938057754396,test − val
val,test,bright_pct,6686,3003,2.6478211964599536,2.231968064487596,-0.41585313197235774,-0.18063055794170707,0.08620903475824204,test − val
val,test,file_size_kib,6686,3003,585.3565560265854,698.2636946386947,112.90713861210929,0.7473640145464643,0.32374943831719183,test − val
