class_name,split,position,relative_path
class2_class13,train,1,train/class2_class13/class13__Micritic_limestone.2610.jpg
class2_class13,train,2,train/class2_class13/class2__Bioclastics.2725.jpg
class2_class13,train,3,train/class2_class13/class13__Micritic_limestone.21.jpg
class2_class13,train,4,train/class2_class13/class13__Micritic_limestone.265.jpg
class2_class13,val,1,val/class2_class13/class13__Micritic_limestone.168.jpg
class2_class13,val,2,val/class2_class13/class13__Micritic_limestone.617.jpg
class2_class13,val,3,val/class2_class13/class13__Micritic_limestone.829.jpg
class2_class13,val,4,val/class2_class13/class13__Micritic_limestone.774_ARS.jpg
class2_class13,test,1,test/class2_class13/class2__Bioclastics.88.jpg
class2_class13,test,2,test/class2_class13/class13__Micritic_limestone.227.jpg
class2_class13,test,3,test/class2_class13/class2__Bioclastics.235.jpg
class2_class13,test,4,test/class2_class13/class13__Micritic_limestone.153_ARS.jpg
class3,train,1,train/class3/Breccia.629.jpg
class3,train,2,train/class3/Breccia.440.jpg
class3,train,3,train/class3/Breccia.917.jpg
class3,train,4,train/class3/Breccia.95.jpg
class3,val,1,val/class3/Breccia.6.jpg
class3,val,2,val/class3/Breccia.3.jpg
class3,val,3,val/class3/Breccia.54.jpg
class3,val,4,val/class3/Breccia.185.jpg
class3,test,1,test/class3/Breccia.64.jpg
class3,test,2,test/class3/Breccia.36.jpg
class3,test,3,test/class3/Breccia.96.jpg
class3,test,4,test/class3/Breccia.121.jpg
class4,train,1,train/class4/Coarse_crystal_dolomite.11.jpg
class4,train,2,train/class4/Coarse_crystal_dolomite.23.jpg
class4,train,3,train/class4/Coarse_crystal_dolomite.8.jpg
class4,train,4,train/class4/Coarse_crystal_dolomite.25.jpg
class4,val,1,val/class4/Coarse_crystal_dolomite.1.jpg
class4,val,2,val/class4/Coarse_crystal_dolomite.13.jpg
class4,val,3,val/class4/Coarse_crystal_dolomite.29.jpg
class4,val,4,val/class4/Coarse_crystal_dolomite.18.jpg
class4,test,1,test/class4/Coarse_crystal_dolomite.7.jpg
class4,test,2,test/class4/Coarse_crystal_dolomite.10.jpg
class4,test,3,test/class4/Coarse_crystal_dolomite.3.jpg
class4,test,4,test/class4/Coarse_crystal_dolomite.1.jpg
class5,train,1,train/class5/Coarse_crystal_limestone.1.jpg
class5,train,2,train/class5/Coarse_crystal_limestone.10_ARS.jpg
class5,train,3,train/class5/Coarse_crystal_limestone.7.jpg
class5,train,4,train/class5/Coarse_crystal_limestone.3.jpg
class5,val,1,val/class5/Coarse_crystal_limestone.2.jpg
class5,val,2,val/class5/Coarse_crystal_limestone.3.jpg
class5,val,3,val/class5/Coarse_crystal_limestone.4.jpg
class5,test,1,test/class5/Coarse_crystal_limestone.2.jpg
class5,test,2,test/class5/Coarse_crystal_limestone.1.jpg
class6,train,1,train/class6/Evaporite.236.jpg
class6,train,2,train/class6/Evaporite.113.jpg
class6,train,3,train/class6/Evaporite.258.jpg
class6,train,4,train/class6/Evaporite.232.jpg
class6,val,1,val/class6/Evaporite.107.jpg
class6,val,2,val/class6/Evaporite.83.jpg
class6,val,3,val/class6/Evaporite.16.jpg
class6,val,4,val/class6/Evaporite.100.jpg
class6,test,1,test/class6/Evaporite.33.jpg
class6,test,2,test/class6/Evaporite.47.jpg
class6,test,3,test/class6/Evaporite.11.jpg
class6,test,4,test/class6/Evaporite.60.jpg
class7,train,1,train/class7/Finely_crystalline_dolomite.1415.jpg
class7,train,2,train/class7/Finely_crystalline_dolomite.3017.jpg
class7,train,3,train/class7/Finely_crystalline_dolomite.2352.jpg
class7,train,4,train/class7/Finely_crystalline_dolomite.1609.jpg
class7,val,1,val/class7/Finely_crystalline_dolomite.905.jpg
class7,val,2,val/class7/Finely_crystalline_dolomite.987.jpg
class7,val,3,val/class7/Finely_crystalline_dolomite.473.jpg
class7,val,4,val/class7/Finely_crystalline_dolomite.945.jpg
class7,test,1,test/class7/Finely_crystalline_dolomite.135.jpg
class7,test,2,test/class7/Finely_crystalline_dolomite.196.jpg
class7,test,3,test/class7/Finely_crystalline_dolomite.489.jpg
class7,test,4,test/class7/Finely_crystalline_dolomite.280.jpg
class8,train,1,train/class8/Finely_crystalline_limestone.26.jpg
class8,train,2,train/class8/Finely_crystalline_limestone.86.jpg
class8,train,3,train/class8/Finely_crystalline_limestone.24.jpg
class8,train,4,train/class8/Finely_crystalline_limestone.69.jpg
class8,val,1,val/class8/Finely_crystalline_limestone.8.jpg
class8,val,2,val/class8/Finely_crystalline_limestone.27_ARS.jpg
class8,val,3,val/class8/Finely_crystalline_limestone.21.jpg
class8,val,4,val/class8/Finely_crystalline_limestone.35.jpg
class8,test,1,test/class8/Finely_crystalline_limestone.5.jpg
class8,test,2,test/class8/Finely_crystalline_limestone.7.jpg
class8,test,3,test/class8/Finely_crystalline_limestone.10_ARS.jpg
class8,test,4,test/class8/Finely_crystalline_limestone.8.jpg
class9,train,1,train/class9/Foam.144.jpg
class9,train,2,train/class9/Foam.443.jpg
class9,train,3,train/class9/Foam.316.jpg
class9,train,4,train/class9/Foam.472.jpg
class9,val,1,val/class9/Foam.52.jpg
class9,val,2,val/class9/Foam.223.jpg
class9,val,3,val/class9/Foam.82.jpg
class9,val,4,val/class9/Foam.138_ARS.jpg
class9,test,1,test/class9/Foam.36.jpg
class9,test,2,test/class9/Foam.22.jpg
class9,test,3,test/class9/Foam.107.jpg
class9,test,4,test/class9/Foam.75.jpg
class10,train,1,train/class10/Fracture.1099.jpg
class10,train,2,train/class10/Fracture.413.jpg
class10,train,3,train/class10/Fracture.1112.jpg
class10,train,4,train/class10/Fracture.1050.jpg
class10,val,1,val/class10/Fracture.124.jpg
class10,val,2,val/class10/Fracture.113.jpg
class10,val,3,val/class10/Fracture.250.jpg
class10,val,4,val/class10/Fracture.204.jpg
class10,test,1,test/class10/Fracture.10.jpg
class10,test,2,test/class10/Fracture.107.jpg
class10,test,3,test/class10/Fracture.5.jpg
class10,test,4,test/class10/Fracture.120.jpg
class11,train,1,train/class11/Grape.18.jpg
class11,train,2,train/class11/Grape.5.jpg
class11,train,3,train/class11/Grape.105.jpg
class11,train,4,train/class11/Grape.163.jpg
class11,val,1,val/class11/Grape.59.jpg
class11,val,2,val/class11/Grape.7.jpg
class11,val,3,val/class11/Grape.17.jpg
class11,val,4,val/class11/Grape.31.jpg
class11,test,1,test/class11/Grape.29.jpg
class11,test,2,test/class11/Grape.33.jpg
class11,test,3,test/class11/Grape.10.jpg
class11,test,4,test/class11/Grape.6.jpg
class12,train,1,train/class12/Micritic_dolomite.1811.jpg
class12,train,2,train/class12/Micritic_dolomite.591.jpg
class12,train,3,train/class12/Micritic_dolomite.811.jpg
class12,train,4,train/class12/Micritic_dolomite.1250.jpg
class12,val,1,val/class12/Micritic_dolomite.147.jpg
class12,val,2,val/class12/Micritic_dolomite.774.jpg
class12,val,3,val/class12/Micritic_dolomite.223.jpg
class12,val,4,val/class12/Micritic_dolomite.54.jpg
class12,test,1,test/class12/Micritic_dolomite.136.jpg
class12,test,2,test/class12/Micritic_dolomite.234.jpg
class12,test,3,test/class12/Micritic_dolomite.192.jpg
class12,test,4,test/class12/Micritic_dolomite.248.jpg
class14,train,1,train/class14/Mid_crystalline_dolomite.187.jpg
class14,train,2,train/class14/Mid_crystalline_dolomite.29.jpg
class14,train,3,train/class14/Mid_crystalline_dolomite.249.jpg
class14,train,4,train/class14/Mid_crystalline_dolomite.224.jpg
class14,val,1,val/class14/Mid_crystalline_dolomite.6.jpg
class14,val,2,val/class14/Mid_crystalline_dolomite.40.jpg
class14,val,3,val/class14/Mid_crystalline_dolomite.41.jpg
class14,val,4,val/class14/Mid_crystalline_dolomite.71.jpg
class14,test,1,test/class14/Mid_crystalline_dolomite.1.jpg
class14,test,2,test/class14/Mid_crystalline_dolomite.12.jpg
class14,test,3,test/class14/Mid_crystalline_dolomite.19.jpg
class14,test,4,test/class14/Mid_crystalline_dolomite.8.jpg
class15,train,1,train/class15/Mid_crystalline_limestone.1.jpg
class15,train,2,train/class15/Mid_crystalline_limestone.13_ARS.jpg
class15,train,3,train/class15/Mid_crystalline_limestone.7_ARS.jpg
class15,train,4,train/class15/Mid_crystalline_limestone.2_ARS.jpg
class15,val,1,val/class15/Mid_crystalline_limestone.4_ARS.jpg
class15,val,2,val/class15/Mid_crystalline_limestone.1_ARS.jpg
class15,test,1,test/class15/Mid_crystalline_limestone.2_ARS.jpg
class15,test,2,test/class15/Mid_crystalline_limestone.1.jpg
class16,train,1,train/class16/Oconlite.102.jpg
class16,train,2,train/class16/Oconlite.57.jpg
class16,train,3,train/class16/Oconlite.65.jpg
class16,train,4,train/class16/Oconlite.62.jpg
class16,val,1,val/class16/Oconlite.1.jpg
class16,val,2,val/class16/Oconlite.4.jpg
class16,val,3,val/class16/Oconlite.30.jpg
class16,val,4,val/class16/Oconlite.12.jpg
class16,test,1,test/class16/Oconlite.1.jpg
class17,train,1,train/class17/Oolitic.79.jpg
class17,train,2,train/class17/Oolitic.92_ARS.jpg
class17,train,3,train/class17/Oolitic.10.jpg
class17,train,4,train/class17/Oolitic.66.jpg
class17,val,1,val/class17/Oolitic.28.jpg
class17,val,2,val/class17/Oolitic.31.jpg
class17,val,3,val/class17/Oolitic.4.jpg
class17,val,4,val/class17/Oolitic.39.jpg
class17,test,1,test/class17/7.jpg
class17,test,2,test/class17/12.jpg
class17,test,3,test/class17/18.jpg
class17,test,4,test/class17/1.jpg
class18_class19,train,1,train/class18_class19/class18__Siliceous.2748.jpg
class18_class19,train,2,train/class18_class19/class18__Siliceous.1641.jpg
class18_class19,train,3,train/class18_class19/class19__Stromatolite.1612.jpg
class18_class19,train,4,train/class18_class19/class18__Siliceous.1423.jpg
class18_class19,val,1,val/class18_class19/class18__Siliceous.474.jpg
class18_class19,val,2,val/class18_class19/class19__Stromatolite.586_ARS.jpg
class18_class19,val,3,val/class18_class19/class19__Stromatolite.599_ARS.jpg
class18_class19,val,4,val/class18_class19/class19__Stromatolite.851.jpg
class18_class19,test,1,test/class18_class19/class19__Stromatolite.95.jpg
class18_class19,test,2,test/class18_class19/class19__Stromatolite.112.jpg
class18_class19,test,3,test/class18_class19/class18__Siliceous.214.jpg
class18_class19,test,4,test/class18_class19/class19__Stromatolite.321.jpg
class20,train,1,train/class20/Stylolite.78.jpg
class20,train,2,train/class20/Stylolite.94.jpg
class20,train,3,train/class20/Stylolite.447.jpg
class20,train,4,train/class20/Stylolite.543.jpg
class20,val,1,val/class20/Stylolite.16.jpg
class20,val,2,val/class20/Stylolite.1.jpg
class20,val,3,val/class20/Stylolite.146.jpg
class20,val,4,val/class20/Stylolite.161.jpg
class20,test,1,test/class20/Stylolite.28.jpg
class20,test,2,test/class20/Stylolite.71.jpg
class20,test,3,test/class20/Stylolite.51.jpg
class20,test,4,test/class20/Stylolite.77.jpg
class21_class22,train,1,train/class21_class22/class22__Vug.1813.jpg
class21_class22,train,2,train/class21_class22/class21__Thrombotolite.5209.jpg
class21_class22,train,3,train/class21_class22/class21__Thrombotolite.3308.jpg
class21_class22,train,4,train/class21_class22/class22__Vug.1670.jpg
class21_class22,val,1,val/class21_class22/class21__Thrombotolite.1396.jpg
class21_class22,val,2,val/class21_class22/class21__Thrombotolite.322.jpg
class21_class22,val,3,val/class21_class22/class22__Vug.1785.jpg
class21_class22,val,4,val/class21_class22/class21__Thrombotolite.1214.jpg
class21_class22,test,1,test/class21_class22/class21__Thrombotolite.53.jpg
class21_class22,test,2,test/class21_class22/class21__Thrombotolite.338.jpg
class21_class22,test,3,test/class21_class22/class22__Vug.161.jpg
class21_class22,test,4,test/class21_class22/class22__Vug.625.jpg
