,,mean_r,mean_r,mean_r,mean_r,mean_r,mean_r,mean_g,mean_g,mean_g,mean_g,mean_g,mean_g,mean_b,mean_b,mean_b,mean_b,mean_b,mean_b,brightness,brightness,brightness,brightness,brightness,brightness,contrast,contrast,contrast,contrast,contrast,contrast,saturation,saturation,saturation,saturation,saturation,saturation
,,count,mean,std,median,min,max,count,mean,std,median,min,max,count,mean,std,median,min,max,count,mean,std,median,min,max,count,mean,std,median,min,max,count,mean,std,median,min,max
class_name,split,,,,,,,,,,,,,,,,,,,,,,,,,,,,,,,,,,,,
class10,test,58,93.90405181358601,27.853815734387847,85.97731399536133,55.29066848754883,163.28770446777344,58,94.952285503519,23.878072056941136,88.79623413085938,62.70686721801758,145.5800323486328,58,85.14770984649658,22.53211214864334,82.26702117919922,30.84574317932129,138.42567443847656,58,94.02154113506448,24.055877468649015,87.47687149047852,60.98916244506836,142.29879760742188,58,40.136594213288404,7.249540478351339,39.68511390686035,26.79692840576172,58.91363525390625,58,0.20796824350587037,0.11993380046974779,0.16212800468494687,0.09703696257148693,0.6510147792841094
class10,train,337,95.89187877609751,37.34302423994342,90.414306640625,13.196370124816895,211.81773376464844,337,84.02893402314682,33.26990971971555,77.94303131103516,15.441630363464355,201.2913818359375,337,68.7143665789143,34.86176710567987,62.90437698364258,6.8070068359375,192.3195343017578,337,85.44528391806945,33.57798168731596,79.03023529052734,14.617134094238281,202.8815155029297,337,38.92193443909597,7.879315722599107,38.22537612915039,21.478578567504883,69.50875091552734,337,0.3425066624570745,0.20163072040894597,0.3108837252348856,0.03761848000919118,0.9529452454810049
class10,val,204,90.43537457316529,33.812012440459974,82.88364791870117,15.085347175598145,169.49693298339844,204,82.82118961857815,30.27221945363205,76.63387298583984,17.96779441833496,168.47178649902344,204,70.36847858335457,30.716861809870814,66.21889114379883,12.904052734375,168.05889892578125,204,83.54087916542503,30.331331053178054,77.4771728515625,16.989381790161133,168.659912109375,204,41.68964870303285,9.611904109942275,40.29377746582031,21.948606491088867,70.36480712890625,204,0.28920479764330925,0.1830996952235167,0.23093381395526963,0.02618144914215686,0.7738859687755311
class11,test,15,126.0246358235677,5.920063524519335,127.4071044921875,113.56600189208984,134.3719482421875,15,124.74703216552734,5.973063709587755,123.6837158203125,113.00716400146484,135.8032989501953,15,120.83539377848307,9.93713325487427,123.6223373413086,103.91168212890625,135.1632080078125,15,124.73623148600261,5.565040425541837,124.12352752685547,112.80865478515625,135.29844665527344,15,50.83630956013997,8.548017300479968,49.95817947387695,40.964759826660156,78.08457946777344,15,0.10039092286220043,0.056363286643379897,0.07762028313929738,0.04790844886131536,0.2228591420292075
class11,train,119,94.69577019955932,28.97368850877924,97.12105560302734,49.22857666015625,190.1298370361328,119,89.96423259703052,30.244245417626328,90.31317138671875,46.82957077026367,190.4193115234375,119,85.25173357154141,37.01906761018089,74.35379791259766,25.30741310119629,191.8468017578125,119,90.62991522139862,29.803688292436266,93.30339813232422,47.56721496582031,190.46083068847656,119,48.640478550886904,10.12861906947649,49.66889190673828,22.629425048828125,80.41502380371094,119,0.21646992005671753,0.17530802278319624,0.18039367276858662,0.005316999846813725,0.6876176821640114
class11,val,39,103.65601534721179,24.019369869391188,105.72650146484375,50.17948532104492,155.83811950683594,39,99.56641211876503,25.854087928170223,109.590576171875,45.86051559448242,150.45428466796875,39,96.33628307244716,32.596763872516085,108.4859848022461,41.4388427734375,146.1008758544922,39,100.20264698908879,25.33744183481674,108.5606460571289,46.4594841003418,151.28456115722656,39,46.11286202455178,11.23540844527536,49.73417282104492,21.838056564331055,63.252532958984375,39,0.18967787594137547,0.13592918673581947,0.19489921619689543,0.007936086218341503,0.6788829529207516
class12,test,269,105.6417170067259,27.701237049047975,111.1369400024414,15.536417961120605,200.6749725341797,269,104.49404538519764,26.7938438387745,111.3844985961914,18.01017189025879,152.709228515625,269,89.94278581612173,31.71324483873671,99.4474868774414,9.817240715026855,141.98878479003906,269,103.687439312279,26.350921657870508,110.12606811523438,17.071134567260742,152.6427459716797,269,43.961902696403875,12.104064498687945,41.13813018798828,22.059085845947266,77.66120910644531,269,0.21931753456324637,0.1907825783605081,0.155349711499183,0.04629384957107843,0.9497968686172386
class12,train,1187,91.65235173531511,30.30799351773108,93.89837646484375,8.942097663879395,182.8720703125,1187,81.29453071668154,26.761249450605156,80.92523193359375,7.32080078125,163.72853088378906,1187,65.40776979009344,27.98449550267622,61.92216110229492,6.86639404296875,153.783935546875,1187,82.3495790538611,26.669521972239526,83.10555267333984,7.632680416107178,160.78179931640625,1187,51.43062816353134,15.813328985050385,47.412899017333984,22.09401512145996,108.06526184082031,1187,0.34342616586649316,0.20866235944420233,0.34346788194444444,0.0125906352124183,0.9556971730749592
class12,val,331,96.57175947460163,33.27756980515791,97.52398681640625,20.15203857421875,189.6820068359375,331,85.86578471134797,30.766130248084462,85.75732421875,19.49188232421875,162.89398193359375,331,68.03297000781286,31.809939859010075,63.53126907348633,6.656494140625,161.25413513183594,331,86.85434553486343,30.459636685765854,87.8545150756836,20.412260055541992,163.71630859375,331,48.862757489760476,16.037632259038165,44.551177978515625,22.51449203491211,95.50010681152344,331,0.35187451001218084,0.20212369575859213,0.3351244957618464,0.014641097324346406,0.9563196518841912
class14,test,16,135.79564094543457,22.69505846186441,127.28150177001953,112.127197265625,192.9145050048828,16,127.07978868484497,14.575803898463036,124.5072021484375,111.83428955078125,165.82733154296875,16,104.93115758895874,19.26020521066651,103.03791046142578,73.7582015991211,129.6512908935547,16,127.33364629745483,14.679857743298527,123.57854461669922,113.12284088134766,167.15945434570312,16,47.14741575717926,9.218595530424746,46.72737693786621,31.594560623168945,62.025272369384766,16,0.24812382218105342,0.179895260266538,0.22523871527777778,0.04820046019709967,0.5099744210835376
class14,train,105,98.9025658017113,34.27978099107828,103.5606918334961,16.7745361328125,191.09230041503906,105,88.12686949230375,26.811657357417694,92.3807373046875,21.17136573791504,174.5936737060547,105,72.34164079030354,28.347840182931037,70.98126220703125,13.674885749816895,161.86570739746094,105,89.2780888512021,27.776575921562213,94.87752532958984,19.695354461669922,177.1823272705078,105,45.69783127194359,12.010249895879587,43.947330474853516,21.184213638305664,91.49906921386719,105,0.3097356913685613,0.1687068371113082,0.3353858698427287,0.03024176304636438,0.7334898705575981
class14,val,45,111.20287539164225,36.435038837458315,110.6697769165039,27.32114601135254,184.96630859375,45,96.72517284817165,28.136568884365158,98.36053466796875,35.0106201171875,153.5059356689453,45,75.31771007113987,23.40230081466913,74.68890380859375,24.16021728515625,117.7666015625,45,98.25751274956598,28.712117826207454,98.89225006103516,32.60618591308594,154.33396911621094,45,45.15464710659451,11.828328226194243,41.56877136230469,26.741498947143555,74.39521789550781,45,0.34989209055294573,0.14001585245635703,0.3654019224877451,0.05611516416462418,0.607290469898897
class15,test,2,134.34197235107422,2.07653274210845,134.34197235107422,132.87364196777344,135.810302734375,2,112.92843627929688,8.399558056115293,112.92843627929688,106.98905181884766,118.8678207397461,2,118.31534576416016,15.78695516196922,118.31534576416016,107.15228271484375,129.47840881347656,2,117.8698844909668,5.309013948508455,117.8698844909668,114.1158447265625,121.6239242553711,2,40.67850303649902,1.798234066817924,40.67850303649902,39.406959533691406,41.95004653930664,2,0.2136480992136438,0.01202002996703351,0.2136480992136438,0.2051486545138889,0.2221475439133987
class15,train,7,109.1235111781529,36.3771229333673,102.9082260131836,71.93145751953125,161.1300048828125,7,92.22562353951591,27.683104954524048,98.8851547241211,60.44136428833008,135.55128479003906,7,91.13600649152484,34.74828413805742,83.3001708984375,61.36857223510742,165.54364013671875,7,95.73944636753627,28.41805249190866,104.72235870361328,65.02291107177734,143.15476989746094,7,44.41514941624233,11.450326369546316,42.87202072143555,28.397111892700195,62.1295280456543,7,0.2536453090350724,0.16329720430732228,0.1986980762357026,0.15573546964358662,0.618390012254902
class15,val,2,92.98955535888672,9.825996227605275,92.98955535888672,86.0415267944336,99.93758392333984,2,78.7322998046875,6.042118254555675,78.7322998046875,74.45987701416016,83.00472259521484,2,95.41708374023438,11.525367949157742,95.41708374023438,87.26741790771484,103.5667495727539,2,82.96803283691406,7.242460500145937,82.96803283691406,77.84683990478516,88.08922576904297,2,35.39579391479492,0.7541008544509824,35.39579391479492,34.86256408691406,35.92902374267578,2,0.1893569846558415,0.031901653738188485,0.1893569846558415,0.16679910896650327,0.21191486034517976
class16,test,1,117.0128402709961,,117.0128402709961,117.0128402709961,117.0128402709961,1,121.08319091796875,,121.08319091796875,121.08319091796875,121.08319091796875,1,121.78582763671875,,121.78582763671875,121.78582763671875,121.78582763671875,1,120.26856231689453,,120.26856231689453,120.26856231689453,120.26856231689453,1,65.74053955078125,,65.74053955078125,65.74053955078125,65.74053955078125,1,0.05985019658905229,,0.05985019658905229,0.05985019658905229,0.05985019658905229
class16,train,18,105.87181557549371,21.379420965411775,114.4092903137207,74.48551177978516,132.73358154296875,18,102.91092597113715,17.93864692009211,108.60417938232422,72.95536041259766,127.2399673461914,18,98.40247599283855,16.609131361442905,101.00860595703125,69.5814208984375,121.4518814086914,18,103.21490224202473,18.393220339177777,109.60939025878906,73.2464828491211,127.68984985351562,18,43.43812974294027,9.60010970434047,43.03388977050781,27.485179901123047,57.7981071472168,18,0.1194602905362087,0.06547817074618593,0.10579502878625408,0.06330470664828432,0.3545793121936274
class16,val,20,120.88380432128906,14.618283257165432,125.74932861328125,73.89642333984375,135.65802001953125,20,119.72154884338379,13.33740378965047,124.43538284301758,79.27154541015625,134.4015655517578,20,118.49277305603027,13.35300223308826,123.22824096679688,82.59649658203125,135.16839599609375,20,119.8799259185791,13.345694792184613,123.72584533691406,78.36885833740234,134.44349670410156,20,41.53643350601196,17.042539202882217,44.05559539794922,19.950332641601562,75.20092010498047,20,0.0703173907909518,0.0858216598881239,0.018772977941176473,0.0,0.2658993789573121
class17,test,10,110.57279090881347,33.350810777436095,125.27019119262695,45.75297164916992,142.631103515625,10,87.4851463317871,31.163624790778673,81.93479537963867,42.8115234375,138.92701721191406,10,68.67193822860717,42.128190375436546,62.71972465515137,8.879719734191895,144.20664978027344,10,91.03526458740234,30.747006767029532,88.93413162231445,43.6132698059082,139.6536865234375,10,45.42252388000488,10.14379139890526,45.06252098083496,33.15577697753906,60.47315979003906,10,0.409849103541156,0.31965568182527715,0.4262676962060866,0.07549131306168301,0.9093588835273693
class17,train,65,126.62903325007512,18.386767238684516,129.7630157470703,60.776123046875,188.12623596191406,65,107.39734532282903,20.524059832437775,108.232421875,48.461669921875,152.86512756347656,65,89.42814201941857,24.55406105609555,92.30289459228516,33.6435546875,129.62266540527344,65,110.18862510094276,18.6578167253009,111.63861083984375,50.00985336303711,158.66934204101562,65,42.35805884141188,8.0732445853294,40.97684097290039,24.071081161499023,61.01423645019531,65,0.3214547565320198,0.19054622007496264,0.31070452920751634,0.01739238664215686,0.6912892061121324
class17,val,34,126.1389227474437,10.949847417209606,128.6552391052246,101.49007415771484,153.5367889404297,34,114.93770588145537,17.26182722586421,116.3274154663086,54.82273483276367,136.91358947753906,34,102.60442161560059,26.227115312571236,100.87628173828125,33.42976760864258,135.0047149658203,34,116.4286220774931,15.192843974284566,118.0931396484375,64.6208724975586,135.30226135253906,34,38.19029993169448,11.89093103418845,40.15945243835449,18.315279006958008,59.50234603881836,34,0.2125436327449178,0.2091027972227451,0.1906320609298407,0.0,0.7402765012254902
class18_class19,test,582,107.27945724959226,29.736127146580422,109.53029251098633,38.69197463989258,191.23545837402344,582,103.21100643328376,28.934601978734523,101.57421875,36.97397994995117,184.69769287109375,582,89.1065380597852,31.847238645713542,88.32093048095703,14.134053230285645,188.15826416015625,582,103.05761601425118,28.66044580952249,101.6360855102539,37.47822189331055,184.9276123046875,582,41.649722086195275,8.4746889058105,40.74119758605957,24.225648880004883,69.62159729003906,582,0.24350891983782433,0.16165154119044636,0.21366768631280636,0.04166004455167484,0.9004061031964868
class18_class19,train,2707,91.43383967924875,34.51749748565109,91.43453216552734,10.179728507995605,229.06776428222656,2707,83.93628633229284,30.59664803831723,81.2173843383789,12.197509765625,227.24334716796875,2707,73.86290110104366,33.754232341583645,68.202392578125,9.775044441223145,214.27191162109375,2707,84.80296770884271,30.942129771545133,82.4178466796875,11.912745475769043,226.69468688964844,2707,44.89802390973331,10.770177519149236,43.212589263916016,18.826095581054688,92.29023742675781,2707,0.27421458363891366,0.1806799213862101,0.23515433517156864,0.0,0.8958942089205474
class18_class19,val,1056,93.13475465684226,35.51420323732041,92.3642578125,9.1619873046875,228.9550018310547,1056,86.06240549412641,31.89078840972499,83.73772048950195,10.723673820495605,226.68585205078125,1056,73.76220617601366,34.390432150834414,68.23190307617188,9.738993644714355,212.4641571044922,1056,86.67791246555068,32.11952816407332,84.7670669555664,12.084769248962402,226.1414794921875,1056,43.65879553195202,11.325668026947149,42.98863220214844,17.27168846130371,101.01898193359375,1056,0.2863047846285842,0.1888512007966928,0.24569418913398694,0.0,0.8502327314389297
class20,test,50,91.37747291564942,33.31049808764022,81.60997772216797,31.05230712890625,192.4925537109375,50,90.18284660339356,33.942729166871445,78.94861602783203,36.69956588745117,191.3411102294922,50,82.58111835479737,40.033562941437154,65.86194610595703,30.78672218322754,197.90818786621094,50,89.887978515625,33.907554270442034,77.79909896850586,36.6280517578125,192.06005859375,50,40.523242721557615,6.51537872108849,41.39221382141113,28.379924774169922,54.409393310546875,50,0.23142331909977532,0.1067707570183318,0.22473340003319037,0.03898159849877451,0.456796204810049
class20,train,217,95.16019126786614,34.37098522588998,91.3094482421875,24.94683837890625,210.38763427734375,217,88.31908192612609,30.409364590809457,84.98738861083984,24.55733299255371,180.9489288330078,217,76.70264130693427,34.75844787188504,68.10416412353516,19.19439697265625,167.7384796142578,217,88.93479444793842,30.958166276655078,84.09143829345703,24.31471824645996,181.231689453125,217,41.15856609256586,9.66902526612475,40.65841293334961,17.301101684570312,84.29829406738281,217,0.2698276424985317,0.16612595725019033,0.2608822093290441,0.0017501531862745099,0.7680751027624592
class20,val,81,102.31916630120925,32.59871693576839,105.45674896240234,29.96197509765625,163.99794006347656,81,91.37247021993001,29.635483786800705,89.67557525634766,28.73459815979004,142.0904541015625,81,76.40894403575379,33.67778840811189,69.26873779296875,12.824238777160645,140.8866424560547,81,92.61937131999451,29.70397723406026,91.70507049560547,30.557470321655273,144.02561950683594,81,42.18744894898968,13.351946749214932,38.08489227294922,19.97637939453125,80.44916534423828,81,0.30493056402650437,0.2038548598447268,0.25003925398284316,0.022390009063521243,0.8572335835375817
class21_class22,test,987,97.21267785997014,26.320179526335313,97.42840576171875,32.50665283203125,183.99864196777344,987,97.19988619061347,24.018574779124247,98.07198333740234,32.28947067260742,169.22779846191406,987,85.22786028551837,25.084452120843615,84.127197265625,20.09759521484375,160.91880798339844,987,96.33822553377625,24.002305562098492,97.16498565673828,32.04243469238281,169.708740234375,987,46.15562540226311,10.65158344807484,45.38747787475586,24.394575119018555,83.79569244384766,987,0.21827139393637923,0.11373563677318567,0.20103416692197712,0.03329288258272059,0.8341113121680964
class21_class22,train,4528,91.19635060903461,35.141624378142545,91.20822143554688,11.939738273620605,203.25730895996094,4528,85.4754684636955,32.30656159960115,83.19294357299805,13.111491203308105,193.0518035888672,4528,79.71022654990847,36.39534477603673,75.00012969970703,9.998127937316895,222.2650604248047,4528,86.27547741210081,32.682226722313985,84.52190017700195,12.865219116210938,194.5078125,4528,46.910052915765206,12.971751704761282,45.64891052246094,17.301334381103516,103.09825134277344,4528,0.2417455417151407,0.16421092345606603,0.21226036720026553,0.00041695389093137253,0.8535518471711602
class21_class22,val,2191,92.02480182186319,29.644382110861798,90.2486343383789,12.779438972473145,196.76417541503906,2191,85.16976579929911,29.246418781077825,83.24649810791016,14.341694831848145,188.85797119140625,2191,76.19513940375889,32.470797129030494,71.72747802734375,7.198567867279053,189.6539306640625,2191,85.97917830068083,28.946187147305892,83.98155212402344,14.15364933013916,189.3003387451172,2191,52.37134645932997,14.994034882890052,50.295196533203125,18.41462516784668,106.98579406738281,2191,0.2703272496484034,0.17143865059654384,0.22579249961703432,0.0,0.950076433568219
class2_class13,test,431,81.73893092790502,32.11366635199768,74.8466567993164,14.351969718933105,212.37933349609375,431,72.00932944180518,28.80092003683803,67.55289459228516,14.438761711120605,172.24822998046875,431,59.34026992293356,29.41455567364555,55.0992431640625,8.335795402526855,170.45263671875,431,73.16313660172464,28.58826666742523,68.98526763916016,14.666243553161621,175.6682891845703,431,42.523217128213766,9.103630845472768,41.68157196044922,23.095094680786133,77.99734497070312,431,0.3581227255303586,0.2330302015708877,0.28976763556985297,0.05369410296670751,0.9389159358404819
class2_class13,train,2821,87.27559501860253,33.655161169948265,84.98758697509766,9.54339599609375,217.52655029296875,2821,85.17737209978614,32.203143513099164,82.74005126953125,10.387166023254395,208.28924560546875,2821,79.06401130249634,33.70813720140348,76.2627944946289,7.849039554595947,196.29693603515625,2821,85.18206955092631,31.514162694819536,82.74923706054688,10.068473815917969,208.82591247558594,2821,50.904953130041186,12.328902542890491,48.84504699707031,17.3325138092041,105.16604614257812,2821,0.32189425377749065,0.15180919948324342,0.3046736972783905,0.0036579605800653595,0.9410567140267565
class2_class13,val,1083,85.51099891257529,33.1679474339784,82.08636474609375,8.833251953125,206.1909637451172,1083,84.00839523639485,32.23626169712474,81.21675872802734,9.347798347473145,198.14878845214844,1083,76.66451983482663,34.6686009310209,71.88846588134766,8.3271484375,186.80731201171875,1083,83.79762094943257,31.448474415245595,79.97677612304688,9.164714813232422,199.0397186279297,1083,48.890144267130644,12.333349641600845,46.9234504699707,17.633298873901367,93.57390594482422,1083,0.3296362605113413,0.17082543002091227,0.3028250102124183,0.0035441878574346405,0.924560467090482
class3,test,98,95.34495602821818,26.8262283200366,92.76214599609375,45.43251419067383,163.26426696777344,98,89.65641531652334,25.98377838148346,90.05895233154297,44.7694091796875,138.7870330810547,98,85.73042857890226,26.64225837596865,85.9913444519043,40.8914794921875,137.74830627441406,98,90.58234214782715,25.801226259013408,89.86129760742188,44.91379165649414,140.41122436523438,98,53.98408846952477,15.863909297031968,51.546688079833984,27.321659088134766,87.43604278564453,98,0.1777780212019704,0.10282864526546599,0.1880789563546773,0.02138839422487745,0.3748487285539216
class3,train,219,94.72980399110001,29.29449366569202,93.5701675415039,16.97772216796875,201.42913818359375,219,86.70279685765097,28.45219057936078,87.12374114990234,17.4295654296875,178.01271057128906,219,79.18905018671462,35.46949995475473,79.86470794677734,12.689106941223145,180.33245849609375,219,87.86684590169828,28.343286409112192,87.1563720703125,17.946935653686523,181.2160186767578,219,48.75108416657469,12.579820400110007,47.197845458984375,26.227737426757812,104.23486328125,219,0.2783861281696968,0.2101794388925876,0.20662418938929739,0.009727408215890524,0.7840361551521651
class3,val,165,95.5155238238248,31.70384423348249,92.3968276977539,15.271769523620605,184.83876037597656,165,88.03171048019871,30.798167731690132,83.48724365234375,20.10904884338379,183.35057067871094,165,80.7488316564849,34.6878898750122,77.36649322509766,13.357625007629395,185.23590087890625,165,89.09694524822812,30.724864536744484,84.86796569824219,18.593191146850586,182.9171905517578,165,48.060858154296874,14.72633190031035,46.76541519165039,17.485654830932617,95.38093566894531,165,0.2552079112007019,0.19277740074453328,0.19423149956597222,0.0015108794168709149,0.7020177504595588
class4,test,9,128.71804979112414,23.493991365026435,129.32225036621094,95.7864761352539,173.94097900390625,9,103.01382785373264,20.065270060533148,102.80350494384766,72.95967864990234,139.40093994140625,9,76.02699915568034,20.891788830448167,81.09368896484375,45.12294387817383,114.50699615478516,9,106.53009457058377,19.858176444566347,106.26104736328125,75.80284118652344,142.9874725341797,9,50.43649419148763,10.806901128483462,45.82475280761719,35.99602508544922,67.55095672607422,9,0.4319637168380084,0.15278549002363936,0.5070122612847222,0.06857591018178105,0.5448224634906046
class4,train,7,105.20582798549107,21.052548971248928,109.3099365234375,66.5260009765625,125.7563705444336,7,101.49036516462054,21.19582844929155,102.97479248046875,67.11983489990234,128.6103057861328,7,92.32651192801339,25.169274148672475,93.52262115478516,55.60540771484375,127.5306625366211,7,101.61864362444196,21.318586556636607,103.63919830322266,66.16223907470703,127.92562103271484,7,62.75536945887974,10.31287160435905,62.003501892089844,43.693607330322266,73.91326141357422,7,0.17400164492880485,0.06880103610491663,0.20906080856821896,0.07159000970179738,0.2352724960426879
class4,val,7,122.60648454938617,16.55199559303346,124.2410888671875,92.86263275146484,148.998046875,7,112.90775844029018,20.492157478189068,123.9782485961914,71.45015716552734,127.81221771240234,7,101.32318006243024,30.026998558823,120.28462982177734,55.85406494140625,128.46006774902344,7,114.133298601423,18.779182832411536,122.52010345458984,74.87641143798828,126.87413787841797,7,58.90972900390625,8.454596049466467,57.0230712890625,45.44990158081055,70.52879333496094,7,0.24844048622052986,0.22734082411504553,0.0846295126123366,0.06443533305249184,0.5920312021292892
class5,test,2,129.20977783203125,0.7679816661269543,129.20977783203125,128.66673278808594,129.75282287597656,2,114.08440017700195,0.3146407226497117,114.08440017700195,113.8619155883789,114.306884765625,2,87.99349212646484,2.762826397975954,87.99349212646484,86.03987884521484,89.94710540771484,2,115.41629409790039,0.587779274983352,115.41629409790039,115.00067138671875,115.83191680908203,2,41.172536849975586,1.3250240874282815,41.172536849975586,40.23560333251953,42.10947036743164,2,0.33474906971252044,0.01688959199934599,0.33474906971252044,0.32280632467830883,0.34669181474673205
class5,train,7,124.8257816859654,11.444854920156663,127.4580307006836,99.25260162353516,132.36997985839844,7,112.26716613769531,16.430467890552727,116.57330322265625,75.7953109741211,124.30716705322266,7,95.22682407924107,6.269410964072932,93.11527252197266,86.95931243896484,103.6573715209961,7,113.70681653703961,14.098816220277271,117.6169204711914,82.44575500488281,123.99190521240234,7,43.70981924874442,4.021787108308889,44.730873107910156,36.64773941040039,47.86203384399414,7,0.2809300754807131,0.0476525246073428,0.2863240559895833,0.2123725043402778,0.3402401992698121
class5,val,3,130.4576670328776,2.869010845319447,128.85765075683594,128.74546813964844,133.76988220214844,3,117.91966501871745,5.2840450014567795,120.03743743896484,111.90523529052734,121.81632232666016,3,91.50459543863933,7.248061406333351,95.59879302978516,83.13590240478516,95.77909088134766,3,118.67807515462239,4.71004047033713,120.14813995361328,113.4083251953125,122.4777603149414,3,42.96014658610026,3.0702343821292843,42.14086151123047,40.38266372680664,46.35691452026367,3,0.31515211716196895,0.04906782000329183,0.3034924077052696,0.27296437780841504,0.3689995659722222
class6,test,25,92.50858627319336,28.968836603025988,93.89046478271484,43.16768264770508,146.65625,25,81.24554656982421,34.967110593350014,70.79913330078125,24.93631935119629,136.59544372558594,25,65.63785488128661,40.58167081443413,55.69099807739258,11.397196769714355,133.1034393310547,25,82.51319374084473,33.121808940125646,72.8009262084961,27.83478355407715,134.08963012695312,25,45.1695915222168,7.31545142314424,47.249900817871094,34.56998825073242,57.53190231323242,25,0.41492024739583333,0.29470504704808387,0.4856592913858252,0.10202556934232027,0.8359329522824754
class6,train,117,80.18697112645859,35.99057538827881,74.6094970703125,30.08534812927246,197.59912109375,117,72.68018453549116,26.51397374163734,68.9144515991211,26.7288818359375,146.85443115234375,117,60.601666474953674,23.648310164614777,55.66157913208008,24.73404884338379,150.4436798095703,117,73.40405844011877,27.259497740720132,73.40612030029297,29.690528869628906,153.8199005126953,117,48.13127279689169,11.217910934154661,46.54584884643555,19.886816024780273,85.2316665649414,117,0.31821466906963997,0.19615193547068663,0.23082634420955883,0.04049383425245098,0.7733361736621732
class6,val,72,88.88665299945407,29.691351887872234,92.5087890625,19.69500732421875,152.32904052734375,72,85.24477174546983,29.581361197904652,85.0643424987793,19.86075782775879,144.43324279785156,72,77.11137775580089,38.04969002197129,65.52496337890625,12.715229988098145,154.9735107421875,72,85.43180399470859,28.999602621035116,86.71783828735352,19.508773803710938,145.3545684814453,72,47.69432748688592,12.771752382397175,46.13252067565918,25.110437393188477,108.19377899169922,72,0.3372333191405541,0.2031951171731401,0.29846997229881533,0.10496722452001635,0.8112559997957516
class7,test,180,112.99773004319933,30.684886002065458,109.35678100585938,32.02058792114258,194.7790069580078,180,104.72661666870117,28.571692159304387,97.7519760131836,27.55133056640625,173.9990997314453,180,86.67077122794257,30.160368272677466,82.93359375,16.56744384765625,180.65196228027344,180,105.18142351574367,28.19033451733851,98.80744934082031,28.363191604614258,173.2796630859375,180,48.365879917144774,8.65433635887582,47.272796630859375,30.814687728881836,78.60789489746094,180,0.2860492900773591,0.16725315336421653,0.20064541685814952,0.06189706839767157,0.7811042336856617
class7,train,1150,93.50406491901563,36.5718707891374,89.9408187866211,8.51971435546875,243.9984588623047,1150,88.45023083230724,34.08979212229912,84.68317794799805,14.62921142578125,241.0048370361328,1150,75.44319429314655,34.67330937186369,68.46258544921875,7.7589111328125,233.534423828125,1150,88.58556805569192,34.12460756123471,84.89901351928711,14.0481538772583,241.1019287109375,1150,44.565139020836874,11.16062673526642,41.97686767578125,22.267486572265625,97.03307342529297,1150,0.27177514509681816,0.15033856577423885,0.23333548751531863,0.04877706290849673,0.9462386386846405
class7,val,485,94.71239559920792,34.59617633570892,94.00467681884766,20.65089988708496,232.1773681640625,485,87.56092728683629,30.630584289757316,87.4787826538086,23.86124610900879,226.7760467529297,485,73.03961707636253,31.38184571616562,69.74810791015625,13.973246574401855,214.91954040527344,485,88.03289066589984,30.662883805537717,88.91606903076172,23.10869789123535,227.0683135986328,485,45.35948202388803,10.49266916546701,42.98435974121094,19.45327377319336,99.37702178955078,485,0.3056278705976055,0.17154806147505294,0.2647172117544934,0.0024719637203839866,0.9219264610140931
class8,test,14,124.54491806030273,26.250082352216292,126.1462516784668,90.1461410522461,172.26397705078125,14,113.64987182617188,14.704266420179469,116.50868606567383,85.0538558959961,130.75270080566406,14,99.40334865025112,21.504548256683687,103.47457885742188,64.0110092163086,125.59320068359375,14,114.9375583103725,12.211353709509043,120.21110916137695,88.14105987548828,128.3563690185547,14,44.56907217843192,4.610417773594772,44.59873390197754,36.96569061279297,51.94516372680664,14,0.34852036192081,0.11706632655449564,0.3452114928002451,0.15728400735294118,0.5071068059385212
class8,train,28,115.5928933279855,33.05084212294086,127.28280639648438,42.71504592895508,158.38755798339844,28,104.39659936087472,23.846623753950198,114.56391525268555,42.46624755859375,137.99522399902344,28,87.51667826516288,23.773331693026215,91.84979248046875,34.06239700317383,131.6356201171875,28,105.55820151737758,23.93680729827074,117.08847427368164,41.912384033203125,129.81678771972656,28,42.89135367529733,11.505981003410588,40.809749603271484,28.460617065429688,78.62519836425781,28,0.3250285942013524,0.14181725484165747,0.2845342498978758,0.12978786892361113,0.8465404635161357
class8,val,29,100.61227798461914,26.908635542239953,101.126708984375,44.98643112182617,157.77598571777344,29,97.21338219478213,22.715411048995968,95.64007568359375,49.590087890625,130.35626220703125,29,84.37744285320413,26.931139721469545,80.0242691040039,42.07366943359375,127.8351058959961,29,97.00923314587823,21.964732594994533,100.10401153564453,48.93684005737305,128.8343505859375,29,44.116716976823476,10.36033154755156,41.21305847167969,27.806291580200195,76.14599609375,29,0.3061923900756423,0.12169174931841176,0.28844831878063726,0.0573431276807598,0.5817470575469771
class9,test,37,111.62056175438133,16.883673032006996,111.0928955078125,72.8434829711914,146.49510192871094,37,109.11760361130173,19.61236075460311,109.5194091796875,75.20125579833984,146.87681579589844,37,98.11598535486169,30.438958764515995,95.2833480834961,47.98675537109375,153.361083984375,37,108.85541369463947,19.17207270201015,108.20508575439453,77.82666015625,147.26380920410156,37,44.49703030972867,8.983343822404011,43.329105377197266,31.621780395507812,62.91958236694336,37,0.21172107668905119,0.1523616898346337,0.1755068710426879,0.04691018497242647,0.5982760959201389
class9,train,270,83.44330492372866,35.65397400227266,77.49822998046875,29.68636131286621,164.4182891845703,270,80.02604836357965,31.30048970262199,75.02375411987305,28.21602439880371,156.141845703125,270,72.5284412489997,36.76310804450142,62.64984130859375,15.319966316223145,154.78076171875,270,80.2112302073726,32.255382023353704,74.55956268310547,28.428939819335938,157.57972717285156,270,46.93355134328206,12.41659739318735,45.101600646972656,22.14546775817871,88.13487243652344,270,0.24534768881390326,0.15900622695467848,0.22628891888786765,0.019552472681781046,0.7214641097324347
class9,val,147,82.47531777985242,36.37666590569863,78.2176742553711,20.30792236328125,177.71044921875,147,78.816144515057,32.29178004096176,75.74593353271484,23.76186180114746,181.33526611328125,147,70.32278044694135,34.96079797111174,66.54736328125,15.284525871276855,178.8133544921875,147,78.98086380471989,32.97676361934558,75.60204315185547,23.197343826293945,178.5812530517578,147,47.297886867912446,11.530581278752141,44.37779998779297,24.00737953186035,89.64892578125,147,0.22854453087658677,0.1561162545222953,0.19563554751327614,0.013986465354370916,0.7168066087111927
