class_name,properties_chart,examples_chart,n_train,n_val,n_test
class2_class13,split_comparison_class2_class13_properties.png,split_comparison_class2_class13_examples.png,2821,1083,431
class3,split_comparison_class03_properties.png,split_comparison_class03_examples.png,219,165,98
class4,split_comparison_class04_properties.png,split_comparison_class04_examples.png,7,7,9
class5,split_comparison_class05_properties.png,split_comparison_class05_examples.png,7,3,2
class6,split_comparison_class06_properties.png,split_comparison_class06_examples.png,117,72,25
class7,split_comparison_class07_properties.png,split_comparison_class07_examples.png,1150,485,180
class8,split_comparison_class08_properties.png,split_comparison_class08_examples.png,28,29,14
class9,split_comparison_class09_properties.png,split_comparison_class09_examples.png,270,147,37
class10,split_comparison_class10_properties.png,split_comparison_class10_examples.png,337,204,58
class11,split_comparison_class11_properties.png,split_comparison_class11_examples.png,119,39,15
class12,split_comparison_class12_properties.png,split_comparison_class12_examples.png,1187,331,269
class14,split_comparison_class14_properties.png,split_comparison_class14_examples.png,105,45,16
class15,split_comparison_class15_properties.png,split_comparison_class15_examples.png,7,2,2
class16,split_comparison_class16_properties.png,split_comparison_class16_examples.png,18,20,1
class17,split_comparison_class17_properties.png,split_comparison_class17_examples.png,65,34,10
class18_class19,split_comparison_class18_class19_properties.png,split_comparison_class18_class19_examples.png,2707,1056,582
class20,split_comparison_class20_properties.png,split_comparison_class20_examples.png,217,81,50
class21_class22,split_comparison_class21_class22_properties.png,split_comparison_class21_class22_examples.png,4528,2191,987
