class_name,comparison,metric,n_train,n_comparison,train_mean,comparison_mean,enough_images,smd,ks_distance
class2_class13,val,mean_r,2821,1083,87.27559501860253,85.51099891257529,True,-0.05281254469357873,0.06029275880048823
class2_class13,val,mean_g,2821,1083,85.17737209978614,84.00839523639485,True,-0.03628142454736905,0.03639993283456777
class2_class13,val,mean_b,2821,1083,79.06401130249634,76.66451983482663,True,-0.07017751500083629,0.048008227438126494
class2_class13,val,brightness,2821,1083,85.18206955092631,83.79762094943257,True,-0.04397680629609297,0.040717243022667104
class2_class13,val,contrast,2821,1083,50.904953130041186,48.890144267130644,True,-0.1633921196719785,0.08042340407633947
class2_class13,val,saturation,2821,1083,0.32189425377749065,0.3296362605113414,True,0.04790926446329569,0.03970681568751444
class2_class13,val,entropy,2821,1083,4.038324878992538,3.9766995474598903,True,-0.10256217341873375,0.06431908424581101
class2_class13,val,log_laplacian_var,2821,1083,8.31986607967001,8.257333580810107,True,-0.09764946226634318,0.04986804218329555
class2_class13,test,mean_r,2821,431,87.27559501860253,81.73893092790502,True,-0.1683211989781988,0.13690740066011375
class2_class13,test,mean_g,2821,431,85.17737209978614,72.00932944180518,True,-0.43104052362598205,0.2583967936860685
class2_class13,test,mean_b,2821,431,79.06401130249634,59.34026992293356,True,-0.6234927756036555,0.3057323635873146
class2_class13,test,brightness,2821,431,85.18206955092631,73.16313660172464,True,-0.3994752420109869,0.23796501380514556
class2_class13,test,contrast,2821,431,50.904953130041186,42.523217128213766,True,-0.7734422069643196,0.3014201575686494
class2_class13,test,saturation,2821,431,0.32189425377749065,0.3581227255303586,True,0.18422024586663888,0.1752361103457578
class2_class13,test,entropy,2821,431,4.038324878992538,3.650534108641425,True,-0.6853748829008063,0.3603229343069176
class2_class13,test,log_laplacian_var,2821,431,8.31986607967001,8.223493931355012,True,-0.16153585044076388,0.09839199046593694
class3,val,mean_r,219,165,94.72980399110001,95.5155238238248,True,0.025741935238004568,0.08576172685761718
class3,val,mean_g,219,165,86.70279685765097,88.03171048019871,True,0.04482245199249706,0.08418430884184314
class3,val,mean_b,219,165,79.18905018671462,80.7488316564849,True,0.04446244891318683,0.05620589456205893
class3,val,brightness,219,165,87.86684590169828,89.09694524822812,True,0.041616360026645385,0.08268991282689908
class3,val,contrast,219,165,48.75108416657469,48.060858154296874,True,-0.050399137211673654,0.07106683271066833
class3,val,saturation,219,165,0.2783861281696968,0.2552079112007019,True,-0.11493356595069897,0.08675799086757985
class3,val,entropy,219,165,3.9955434250632003,3.7882162550472733,True,-0.2993527038630586,0.13374844333748442
class3,val,log_laplacian_var,219,165,8.134259187164846,8.032789281809924,True,-0.15413861831233322,0.13142382731423827
class3,test,mean_r,219,98,94.72980399110001,95.34495602821818,True,0.021901284037050606,0.07939614201845124
class3,test,mean_g,219,98,86.70279685765097,89.65641531652334,True,0.10840576876755652,0.09579722299878857
class3,test,mean_b,219,98,79.18905018671462,85.73042857890226,True,0.2085370709018741,0.1810642065045196
class3,test,brightness,219,98,87.86684590169828,90.58234214782715,True,0.10019513416024883,0.10143509458577948
class3,test,contrast,219,98,48.75108416657469,53.98408846952477,True,0.3655265435430797,0.2134470226446743
class3,test,saturation,219,98,0.2783861281696968,0.1777780212019704,True,-0.6080781198506298,0.3164197185723604
class3,test,entropy,219,98,3.9955434250632003,3.8694309093893633,True,-0.20780203367888092,0.19732550554468364
class3,test,log_laplacian_var,219,98,8.134259187164846,7.996974718070782,True,-0.2028922829272323,0.17291025999440873
class4,val,mean_r,7,7,105.20582798549107,122.60648454938617,True,0.9188974365183226,0.5714285714285714
class4,val,mean_g,7,7,101.49036516462054,112.90775844029018,True,0.5476765964051183,0.42857142857142855
class4,val,mean_b,7,7,92.32651192801339,101.32318006243024,True,0.32473307367989335,0.42857142857142855
class4,val,brightness,7,7,101.61864362444196,114.133298601423,True,0.6229590311968991,0.4285714285714286
class4,val,contrast,7,7,62.75536945887974,58.90972900390625,True,-0.4078255466994482,0.42857142857142855
class4,val,saturation,7,7,0.17400164492880488,0.24844048622052986,True,0.4432083580139253,0.4285714285714286
class4,val,entropy,7,7,4.563208957711766,4.571666543760801,True,0.03747671144878851,0.2857142857142857
class4,val,log_laplacian_var,7,7,7.997321862696128,8.43790187961019,True,1.0664053589122835,0.5714285714285714
class4,test,mean_r,7,9,105.20582798549107,128.71804979112414,True,1.054043185636818,0.5555555555555556
class4,test,mean_g,7,9,101.49036516462054,103.01382785373264,True,0.07381728476260185,0.1746031746031746
class4,test,mean_b,7,9,92.32651192801339,76.02699915568034,True,-0.704702823235077,0.4920634920634921
class4,test,brightness,7,9,101.61864362444196,106.53009457058377,True,0.23840459757714255,0.23809523809523808
class4,test,contrast,7,9,62.75536945887974,50.43649419148763,True,-1.166253681513382,0.5238095238095237
class4,test,saturation,7,9,0.17400164492880488,0.4319637168380084,True,2.1771862957547996,0.8888888888888888
class4,test,entropy,7,9,4.563208957711766,4.3421570432566705,True,-0.740268596517208,0.41269841269841273
class4,test,log_laplacian_var,7,9,7.997321862696128,8.221606082789492,True,0.5735896242831445,0.4126984126984127
class5,val,mean_r,7,3,124.8257816859654,130.4576670328776,False,,
class5,val,mean_g,7,3,112.26716613769531,117.91966501871745,False,,
class5,val,mean_b,7,3,95.22682407924107,91.50459543863933,False,,
class5,val,brightness,7,3,113.70681653703961,118.67807515462239,False,,
class5,val,contrast,7,3,43.70981924874442,42.96014658610026,False,,
class5,val,saturation,7,3,0.2809300754807131,0.31515211716196895,False,,
class5,val,entropy,7,3,4.318793558591553,4.322513492793017,False,,
class5,val,log_laplacian_var,7,3,8.346710089492406,8.6785777226364,False,,
class5,test,mean_r,7,2,124.8257816859654,129.20977783203125,False,,
class5,test,mean_g,7,2,112.26716613769531,114.08440017700195,False,,
class5,test,mean_b,7,2,95.22682407924107,87.99349212646484,False,,
class5,test,brightness,7,2,113.70681653703961,115.41629409790039,False,,
class5,test,contrast,7,2,43.70981924874442,41.172536849975586,False,,
class5,test,saturation,7,2,0.2809300754807131,0.33474906971252044,False,,
class5,test,entropy,7,2,4.318793558591553,4.2390825834017525,False,,
class5,test,log_laplacian_var,7,2,8.346710089492406,8.598674425813197,False,,
class6,val,mean_r,117,72,80.18697112645859,88.88665299945407,True,0.2636934486266896,0.23931623931623935
class6,val,mean_g,117,72,72.68018453549116,85.24477174546983,True,0.4473043842896738,0.22756410256410264
class6,val,mean_b,117,72,60.601666474953674,77.11137775580089,True,0.5211688683611503,0.27564102564102566
class6,val,brightness,117,72,73.40405844011877,85.43180399470859,True,0.42737961570454347,0.24572649572649574
class6,val,contrast,117,72,48.13127279689169,47.69432748688592,True,-0.03635162490202646,0.1217948717948718
class6,val,saturation,117,72,0.3182146690696399,0.3372333191405541,True,0.09523392104342063,0.1527777777777778
class6,val,entropy,117,72,3.834248183005417,3.877253935820033,True,0.06927909102306978,0.1891025641025641
class6,val,log_laplacian_var,117,72,8.36024689296065,8.275361674866742,True,-0.15151190951830815,0.14209401709401714
class6,test,mean_r,117,25,80.18697112645859,92.50858627319336,True,0.3771664300307125,0.28376068376068375
class6,test,mean_g,117,25,72.68018453549116,81.24554656982421,True,0.27603717648424914,0.22598290598290594
class6,test,mean_b,117,25,60.601666474953674,65.63785488128661,True,0.15163621461907845,0.27726495726495726
class6,test,brightness,117,25,73.40405844011877,82.51319374084473,True,0.30030832612409386,0.20615384615384613
class6,test,contrast,117,25,48.13127279689169,45.1695915222168,True,-0.31274740991959116,0.1907692307692307
class6,test,saturation,117,25,0.3182146690696399,0.41492024739583333,True,0.38631788502038367,0.305982905982906
class6,test,entropy,117,25,3.834248183005417,3.869116667917034,True,0.06176358761108607,0.11316239316239313
class6,test,log_laplacian_var,117,25,8.36024689296065,8.173570264597833,True,-0.3687719352907838,0.30153846153846153
class7,val,mean_r,1150,485,93.50406491901563,94.71239559920792,True,0.03394403485151798,0.05882563872702823
class7,val,mean_g,1150,485,88.45023083230724,87.56092728683629,True,-0.027442238558861135,0.07453160017929172
class7,val,mean_b,1150,485,75.44319429314655,73.03961707636253,True,-0.07268467692918916,0.08549529359031816
class7,val,brightness,1150,485,88.58556805569192,88.03289066589984,True,-0.017036934848186202,0.07321380546839984
class7,val,contrast,1150,485,44.565139020836874,45.35948202388803,True,0.07333436275983664,0.07108023307933664
class7,val,saturation,1150,485,0.2717751450968181,0.30562787059760543,True,0.20988430540650727,0.10051994621246074
class7,val,entropy,1150,485,3.9420684509690425,3.9890828595474064,True,0.10030815145704644,0.06869565217391305
class7,val,log_laplacian_var,1150,485,8.112055595220498,8.16992298291168,True,0.09303539754427326,0.0516718960107575
class7,test,mean_r,1150,180,93.50406491901563,112.99773004319933,True,0.5774710835082102,0.29898550724637685
class7,test,mean_g,1150,180,88.45023083230724,104.72661666870117,True,0.5174993740510553,0.3164251207729469
class7,test,mean_b,1150,180,75.44319429314655,86.67077122794257,True,0.3455141052015801,0.24376811594202902
class7,test,brightness,1150,180,88.58556805569192,105.18142351574367,True,0.5302455724866504,0.3183574879227053
class7,test,contrast,1150,180,44.565139020836874,48.365879917144774,True,0.38059097208847675,0.26942028985507244
class7,test,saturation,1150,180,0.2717751450968181,0.2860492900773591,True,0.08976269028635461,0.1093236714975846
class7,test,entropy,1150,180,3.9420684509690425,4.214652557808444,True,0.7263113857093291,0.37342995169082127
class7,test,log_laplacian_var,1150,180,8.112055595220498,8.541868697441183,True,0.7369840144999897,0.3536714975845411
class8,val,mean_r,28,29,115.5928933279855,100.61227798461914,True,-0.4970899457279744,0.43472906403940886
class8,val,mean_g,28,29,104.39659936087472,97.21338219478213,True,-0.30845293780145455,0.3312807881773399
class8,val,mean_b,28,29,87.51667826516288,84.37744285320413,True,-0.12358535659122429,0.3017241379310345
class8,val,brightness,28,29,105.55820151737758,97.00923314587823,True,-0.3721482685242311,0.3633004926108374
class8,val,contrast,28,29,42.89135367529733,44.116716976823476,True,0.11192421248832983,0.21921182266009853
class8,val,saturation,28,29,0.3250285942013524,0.3061923900756423,True,-0.14254925536641727,0.19950738916256158
class8,val,entropy,28,29,4.1190620472972554,4.045923640829243,True,-0.2058253321009311,0.22044334975369462
class8,val,log_laplacian_var,28,29,8.488196207490946,8.421703044780179,True,-0.15028899254984987,0.1600985221674877
class8,test,mean_r,28,14,115.5928933279855,124.54491806030273,True,0.2999525105183764,0.25
class8,test,mean_g,28,14,104.39659936087472,113.64987182617188,True,0.467099680421333,0.25
class8,test,mean_b,28,14,87.51667826516288,99.40334865025112,True,0.5243962770628967,0.42857142857142855
class8,test,brightness,28,14,105.55820151737758,114.9375583103725,True,0.4936203094569706,0.25
class8,test,contrast,28,14,42.89135367529733,44.56907217843192,True,0.19141542159250263,0.35714285714285715
class8,test,saturation,28,14,0.3250285942013524,0.34852036192081004,True,0.18066139085697155,0.28571428571428575
class8,test,entropy,28,14,4.1190620472972554,4.346642307867541,True,0.761335566066825,0.4642857142857143
class8,test,log_laplacian_var,28,14,8.488196207490946,8.823330294544236,True,0.8164619257088878,0.42857142857142855
class9,val,mean_r,270,147,83.44330492372866,82.47531777985242,True,-0.02687574144352243,0.05782312925170069
class9,val,mean_g,270,147,80.02604836357965,78.816144515057,True,-0.038047293525715405,0.055177626606198044
class9,val,mean_b,270,147,72.5284412489997,70.32278044694135,True,-0.06148479313054326,0.08730158730158732
class9,val,brightness,270,147,80.2112302073726,78.98086380471989,True,-0.03772039579359834,0.05721844293272865
class9,val,contrast,270,147,46.93355134328206,47.297886867912446,True,0.03040745753714315,0.12811791383219956
class9,val,saturation,270,147,0.24534768881390326,0.22854453087658677,True,-0.10664076569374509,0.12403628117913834
class9,val,entropy,270,147,3.781800088018194,3.871983480792379,True,0.13451090876712538,0.09516250944822369
class9,val,log_laplacian_var,270,147,8.138046161441448,8.137438733276246,True,-0.0012596182325540978,0.06938775510204076
class9,test,mean_r,270,37,83.44330492372866,111.62056175438133,True,1.0101178228384142,0.5141141141141141
class9,test,mean_g,270,37,80.02604836357965,109.11760361130173,True,1.1138240642170192,0.5111111111111111
class9,test,mean_b,270,37,72.5284412489997,98.11598535486169,True,0.7581608828143407,0.39449449449449453
class9,test,brightness,270,37,80.2112302073726,108.85541369463947,True,1.0795767031420591,0.5296296296296297
class9,test,contrast,270,37,46.93355134328206,44.49703030972867,True,-0.22483773913875144,0.11091091091091093
class9,test,saturation,270,37,0.24534768881390326,0.21172107668905119,True,-0.21594362389629446,0.28488488488488495
class9,test,entropy,270,37,3.781800088018194,4.103726889570257,True,0.613248749304166,0.3037037037037037
class9,test,log_laplacian_var,270,37,8.138046161441448,8.311792889175186,True,0.3927558383098964,0.3056056056056056
class10,val,mean_r,337,204,95.89187877609751,90.43537457316529,True,-0.15318095112706864,0.10865770640600447
class10,val,mean_g,337,204,84.02893402314682,82.82118961857815,True,-0.037971741665982245,0.0759003898295223
class10,val,mean_b,337,204,68.7143665789143,70.36847858335457,True,0.05034621499377772,0.11355966719031824
class10,val,brightness,337,204,85.44528391806945,83.54087916542503,True,-0.059520343392937505,0.08337697096642815
class10,val,contrast,337,204,38.92193443909597,41.68964870303285,True,0.3149277421783788,0.1410659219177285
class10,val,saturation,337,204,0.3425066624570745,0.28920479764330925,True,-0.2767659647754249,0.1493279804503404
class10,val,entropy,337,204,3.661786380596511,3.744113166224681,True,0.1498819325082725,0.09511549426892416
class10,val,log_laplacian_var,337,204,7.986680243084211,8.074044858427069,True,0.15333971312974085,0.10352301157851862
class10,test,mean_r,337,58,95.89187877609751,93.90405181358601,True,-0.06034343614610982,0.1743579248951192
class10,test,mean_g,337,58,84.02893402314682,94.952285503519,True,0.377222858546482,0.3323442136498516
class10,test,mean_b,337,58,68.7143665789143,85.14770984649658,True,0.5598779784323428,0.3945052696203827
class10,test,brightness,337,58,85.44528391806945,94.02154113506448,True,0.2936311607588943,0.3056379821958457
class10,test,contrast,337,58,38.92193443909597,40.136594213288404,True,0.16043628375738583,0.17758109076025785
class10,test,saturation,337,58,0.3425066624570745,0.2079682435058704,True,-0.8110092322122204,0.45369896654046865
class10,test,entropy,337,58,3.661786380596511,3.828271904241545,True,0.37461310485431,0.26634605545891743
class10,test,log_laplacian_var,337,58,7.986680243084211,8.372794359852683,True,0.7812203126822973,0.3993144377366213
class11,val,mean_r,119,39,94.69577019955932,103.65601534721179,True,0.33669851561619807,0.23227752639517343
class11,val,mean_g,119,39,89.96423259703052,99.56641211876503,True,0.3412903646339308,0.20706744236156002
class11,val,mean_b,119,39,85.25173357154141,96.33628307244716,True,0.3178085131870529,0.21288515406162462
class11,val,brightness,119,39,90.62991522139862,100.20264698908879,True,0.34607505012060436,0.20814479638009042
class11,val,contrast,119,39,48.640478550886904,46.11286202455178,True,-0.2363067003620348,0.14802844214608923
class11,val,saturation,119,39,0.21646992005671753,0.18967787594137547,True,-0.17080309034710375,0.19112260288730876
class11,val,entropy,119,39,4.015826279914439,3.826189015623636,True,-0.20324369573529238,0.09459168282697694
class11,val,log_laplacian_var,119,39,8.152822514179611,7.998968272563975,True,-0.27998447366187545,0.19176901529842705
class11,test,mean_r,119,15,94.69577019955932,126.0246358235677,True,1.4982157326664332,0.773109243697479
class11,test,mean_g,119,15,89.96423259703052,124.74703216552734,True,1.5956152394954586,0.7820728291316527
class11,test,mean_b,119,15,85.25173357154141,120.83539377848307,True,1.3128991479493821,0.6050420168067226
class11,test,brightness,119,15,90.62991522139862,124.73623148600261,True,1.590881507260505,0.7988795518207283
class11,test,contrast,119,15,48.640478550886904,50.83630956013997,True,0.23430444799003183,0.25322128851540615
class11,test,saturation,119,15,0.21646992005671753,0.10039092286220042,True,-0.8914695730540019,0.49635854341736696
class11,test,entropy,119,15,4.015826279914439,4.495907922350769,True,0.9096472713832549,0.5630252100840336
class11,test,log_laplacian_var,119,15,8.152822514179611,8.203627712317406,True,0.1358283261734977,0.2526610644257703
class12,val,mean_r,1187,331,91.65235173531511,96.57175947460163,True,0.15456501216246435,0.08874081502276687
class12,val,mean_g,1187,331,81.29453071668154,85.86578471134797,True,0.15854074302482224,0.08551859647693927
class12,val,mean_b,1187,331,65.40776979009344,68.03297000781286,True,0.08762836072055874,0.06387170174371404
class12,val,brightness,1187,331,82.3495790538611,86.85434553486343,True,0.15735871465107779,0.09423334868935107
class12,val,contrast,1187,331,51.43062816353134,48.862757489760476,True,-0.16123890148316586,0.09219464643405273
class12,val,saturation,1187,331,0.3434261658664931,0.35187451001218084,True,0.041127365375171414,0.08180770023695777
class12,val,entropy,1187,331,3.7832578477608263,3.778595820419378,True,-0.007429667871307914,0.05901546715805922
class12,val,log_laplacian_var,1187,331,7.972866380263918,7.95970318119499,True,-0.02264550635609881,0.03527387585041375
class12,test,mean_r,1187,269,91.65235173531511,105.6417170067259,True,0.4818289067835513,0.26493957150418257
class12,test,mean_g,1187,269,81.29453071668154,104.49404538519764,True,0.8663792347996121,0.41084487148570487
class12,test,mean_b,1187,269,65.40776979009344,89.94278581612173,True,0.8203759841415927,0.3996517414493444
class12,test,brightness,1187,269,82.3495790538611,103.687439312279,True,0.8048772726981206,0.39037215434869077
class12,test,contrast,1187,269,51.43062816353134,43.961902696403875,True,-0.5303977848532925,0.20707603749416698
class12,test,saturation,1187,269,0.3434261658664931,0.21931753456324637,True,-0.6207838638032285,0.41974864000651413
class12,test,entropy,1187,269,3.7832578477608263,3.887780001670967,True,0.18146221674580532,0.10464041991462654
class12,test,log_laplacian_var,1187,269,7.972866380263918,8.19764150240065,True,0.44264109308613386,0.2526064584422947
class14,val,mean_r,105,45,98.9025658017113,111.20287539164225,True,0.3477234504605754,0.2063492063492064
class14,val,mean_g,105,45,88.12686949230375,96.72517284817165,True,0.3128692427759522,0.18412698412698414
class14,val,mean_b,105,45,72.34164079030354,75.31771007113987,True,0.11449521389741601,0.15555555555555556
class14,val,brightness,105,45,89.2780888512021,98.25751274956598,True,0.31787574084128617,0.20000000000000007
class14,val,contrast,105,45,45.69783127194359,45.15464710659451,True,-0.045570532455091954,0.13650793650793652
class14,val,saturation,105,45,0.3097356913685613,0.34989209055294573,True,0.2590292455609336,0.17460317460317462
class14,val,entropy,105,45,3.947343647154781,4.059899258449453,True,0.238197580291172,0.14920634920634923
class14,val,log_laplacian_var,105,45,8.049111307261617,8.203770276208692,True,0.2429867107105072,0.20317460317460323
class14,test,mean_r,105,16,98.9025658017113,135.79564094543457,True,1.2690968909498272,0.6095238095238096
class14,test,mean_g,105,16,88.12686949230375,127.07978868484497,True,1.8051187167104603,0.819047619047619
class14,test,mean_b,105,16,72.34164079030354,104.93115758895874,True,1.344795164538069,0.5714285714285714
class14,test,brightness,105,16,89.2780888512021,127.33364629745483,True,1.7130360509658045,0.819047619047619
class14,test,contrast,105,16,45.69783127194359,47.14741575717926,True,0.13540170191449988,0.22499999999999998
class14,test,saturation,105,16,0.3097356913685613,0.24812382218105344,True,-0.35329770572422803,0.3041666666666667
class14,test,entropy,105,16,3.947343647154781,4.366636139386684,True,1.0327273887898423,0.5255952380952381
class14,test,log_laplacian_var,105,16,8.049111307261617,8.366049000674835,True,0.638466074096664,0.41904761904761906
class15,val,mean_r,7,2,109.1235111781529,92.98955535888672,False,,
class15,val,mean_g,7,2,92.22562353951591,78.7322998046875,False,,
class15,val,mean_b,7,2,91.13600649152484,95.41708374023438,False,,
class15,val,brightness,7,2,95.73944636753627,82.96803283691406,False,,
class15,val,contrast,7,2,44.41514941624233,35.39579391479492,False,,
class15,val,saturation,7,2,0.2536453090350724,0.1893569846558415,False,,
class15,val,entropy,7,2,4.0145690972126316,3.7864657186221042,False,,
class15,val,log_laplacian_var,7,2,8.123165161379541,8.231240047300858,False,,
class15,test,mean_r,7,2,109.1235111781529,134.34197235107422,False,,
class15,test,mean_g,7,2,92.22562353951591,112.92843627929688,False,,
class15,test,mean_b,7,2,91.13600649152484,118.31534576416016,False,,
class15,test,brightness,7,2,95.73944636753627,117.8698844909668,False,,
class15,test,contrast,7,2,44.41514941624233,40.67850303649902,False,,
class15,test,saturation,7,2,0.2536453090350724,0.2136480992136438,False,,
class15,test,entropy,7,2,4.0145690972126316,4.22377499949296,False,,
class15,test,log_laplacian_var,7,2,8.123165161379541,8.474460997663815,False,,
class16,val,mean_r,18,20,105.87181557549371,120.88380432128906,True,0.8197193132468639,0.39444444444444443
class16,val,mean_g,18,20,102.91092597113715,119.72154884338379,True,1.0635360470920858,0.5277777777777778
class16,val,mean_b,18,20,98.40247599283855,118.49277305603027,True,1.3331962653335072,0.5944444444444444
class16,val,brightness,18,20,103.21490224202473,119.8799259185791,True,1.0370989511151378,0.5388888888888889
class16,val,contrast,18,20,43.43812974294027,41.53643350601196,True,-0.13749213170065214,0.35
class16,val,saturation,18,20,0.1194602905362087,0.07031739079095178,True,-0.6438157499068016,0.6
class16,val,entropy,18,20,3.6254828046129566,2.5858538572618297,True,-0.8578491652564761,0.45
class16,val,log_laplacian_var,18,20,7.729403908949548,7.579898222780263,True,-0.22438434847735525,0.3388888888888889
class16,test,mean_r,18,1,105.87181557549371,117.0128402709961,False,,
class16,test,mean_g,18,1,102.91092597113715,121.08319091796875,False,,
class16,test,mean_b,18,1,98.40247599283855,121.78582763671875,False,,
class16,test,brightness,18,1,103.21490224202473,120.26856231689453,False,,
class16,test,contrast,18,1,43.43812974294027,65.74053955078125,False,,
class16,test,saturation,18,1,0.1194602905362087,0.05985019658905229,False,,
class16,test,entropy,18,1,3.6254828046129566,4.743707788053838,False,,
class16,test,log_laplacian_var,18,1,7.729403908949548,8.269540737137474,False,,
class17,val,mean_r,65,34,126.62903325007512,126.1389227474437,True,-0.03238839068445143,0.23484162895927596
class17,val,mean_g,65,34,107.39734532282903,114.93770588145537,True,0.3976307326098522,0.2144796380090498
class17,val,mean_b,65,34,89.42814201941857,102.60442161560059,True,0.5186620389851895,0.28868778280542984
class17,val,brightness,65,34,110.18862510094276,116.4286220774931,True,0.36676160246193756,0.23755656108597287
class17,val,contrast,65,34,42.35805884141188,38.19029993169448,True,-0.4100930081771306,0.26334841628959277
class17,val,saturation,65,34,0.3214547565320199,0.2125436327449178,True,-0.5444472786112644,0.3375565610859729
class17,val,entropy,65,34,4.156970695415367,3.180024969692311,True,-0.8341861593576014,0.3515837104072398
class17,val,log_laplacian_var,65,34,8.0511140067625,7.72036219110337,True,-0.5805651488044355,0.3361990950226244
class17,test,mean_r,65,10,126.62903325007512,110.57279090881347,True,-0.596241957764395,0.27692307692307694
class17,test,mean_g,65,10,107.39734532282903,87.4851463317871,True,-0.7546592194890834,0.4769230769230769
class17,test,mean_b,65,10,89.42814201941857,68.67193822860717,True,-0.6019849623488953,0.4307692307692308
class17,test,brightness,65,10,110.18862510094276,91.03526458740234,True,-0.7531439906593611,0.4769230769230769
class17,test,contrast,65,10,42.35805884141188,45.42252388000488,True,0.3342871498145785,0.2615384615384615
class17,test,saturation,65,10,0.3214547565320199,0.4098491035411561,True,0.33591857456732027,0.2846153846153846
class17,test,entropy,65,10,4.156970695415367,4.035142576050799,True,-0.22118700433577895,0.3538461538461538
class17,test,log_laplacian_var,65,10,8.0511140067625,7.9255094024324535,True,-0.2214865572597451,0.4076923076923077
class18_class19,val,mean_r,2707,1056,91.43383967924875,93.13475465684226,True,0.04857065360813897,0.031508518879224456
class18_class19,val,mean_g,2707,1056,83.93628633229284,86.06240549412641,True,0.06803490303539127,0.04168625673058629
class18_class19,val,mean_b,2707,1056,73.86290110104366,73.76220617601366,True,-0.0029551994340291945,0.01609638591306488
class18_class19,val,brightness,2707,1056,84.80296770884271,86.67791246555068,True,0.05945349707259623,0.03608314862701634
class18_class19,val,contrast,2707,1056,44.89802390973331,43.65879553195202,True,-0.11213302075959174,0.04597333232584433
class18_class19,val,saturation,2707,1056,0.27421458363891366,0.2863047846285842,True,0.06541936796637687,0.04926271395148374
class18_class19,val,entropy,2707,1056,3.805980292540809,3.7251796483205983,True,-0.10066090849228138,0.029933617669118225
class18_class19,val,log_laplacian_var,2707,1056,8.127952230816897,8.066195033878154,True,-0.08848240916496362,0.03873760228811946
class18_class19,test,mean_r,2707,582,91.43383967924875,107.27945724959226,True,0.49186102427799927,0.21448909978838115
class18_class19,test,mean_g,2707,582,83.93628633229284,103.21100643328376,True,0.6472974280944022,0.2701504436125255
class18_class19,test,mean_b,2707,582,73.86290110104366,89.1065380597852,True,0.4645383755752467,0.22231531589858033
class18_class19,test,brightness,2707,582,84.80296770884271,103.05761601425118,True,0.612097274945081,0.2612845403986356
class18_class19,test,contrast,2707,582,44.89802390973331,41.649722086195275,True,-0.3351998660668246,0.12827821976116394
class18_class19,test,saturation,2707,582,0.27421458363891366,0.24350891983782433,True,-0.17911493293722625,0.18978986641480589
class18_class19,test,entropy,2707,582,3.805980292540809,3.996192030804285,True,0.32929616951254825,0.12983267257980774
class18_class19,test,log_laplacian_var,2707,582,8.127952230816897,8.274293849142234,True,0.24943784237908143,0.1588290254234599
class20,val,mean_r,217,81,95.16019126786614,102.31916630120925,True,0.2137226028741863,0.14262957273709959
class20,val,mean_g,217,81,88.31908192612609,91.37247021993001,True,0.10169514315443703,0.09444159981794392
class20,val,mean_b,217,81,76.70264130693427,76.40894403575379,True,-0.008582022554410172,0.07532570973431191
class20,val,brightness,217,81,88.93479444793842,92.61937131999451,True,0.12145266934715178,0.12584627638391083
class20,val,contrast,217,81,41.15856609256586,42.18744894898968,True,0.08826419018073266,0.1574216305399101
class20,val,saturation,217,81,0.2698276424985317,0.3049305640265044,True,0.18877635937414083,0.11509358821186777
class20,val,entropy,217,81,3.7315847307375276,3.6863138016274415,True,-0.056863152604109984,0.1058769983501166
class20,val,log_laplacian_var,217,81,8.144069117384008,8.002397131245205,True,-0.2016417391544601,0.2347954713546111
class20,test,mean_r,217,50,95.16019126786614,91.37747291564942,True,-0.1117662882939379,0.14866359447004607
class20,test,mean_g,217,50,88.31908192612609,90.18284660339356,True,0.05783686314174107,0.10221198156682032
class20,test,mean_b,217,50,76.70264130693427,82.58111835479737,True,0.15680578533896733,0.12617511520737323
class20,test,brightness,217,50,88.93479444793842,89.887978515625,True,0.0293591209192334,0.12221198156682034
class20,test,contrast,217,50,41.15856609256586,40.523242721557615,True,-0.07706121675647516,0.09668202764976952
class20,test,saturation,217,50,0.2698276424985317,0.2314233190997753,True,-0.2750267298770961,0.16884792626728118
class20,test,entropy,217,50,3.7315847307375276,3.8575284696713688,True,0.17690416546735505,0.1591705069124424
class20,test,log_laplacian_var,217,50,8.144069117384008,8.47219735126095,True,0.45176175676848485,0.39889400921658985
class21_class22,val,mean_r,4528,2191,91.19635060903461,92.02480182186319,True,0.025483430059619047,0.08794409510154777
class21_class22,val,mean_g,4528,2191,85.4754684636955,85.16976579929911,True,-0.009920740406903725,0.05681943720939986
class21_class22,val,mean_b,4528,2191,79.71022654990847,76.19513940375889,True,-0.10191926098562444,0.08580960014708416
class21_class22,val,brightness,4528,2191,86.27547741210081,85.97917830068083,True,-0.009598045277746745,0.06571313258705302
class21_class22,val,contrast,4528,2191,46.910052915765206,52.37134645932997,True,0.3895524527852214,0.1454410953579775
class21_class22,val,saturation,4528,2191,0.2417455417151407,0.2703272496484034,True,0.17026736135182294,0.08240233092977545
class21_class22,val,entropy,4528,2191,3.7401968413020845,3.8900174197264294,True,0.18930764141711445,0.07431612700849766
class21_class22,val,log_laplacian_var,4528,2191,7.992790178234756,8.113431394189142,True,0.18318831261903742,0.08292577408705387
class21_class22,test,mean_r,4528,987,91.19635060903461,97.21267785997014,True,0.19378865380330462,0.16054691555593745
class21_class22,test,mean_g,4528,987,85.4754684636955,97.19988619061347,True,0.4118770364342125,0.23183071627267554
class21_class22,test,mean_b,4528,987,79.71022654990847,85.22786028551837,True,0.1765314794983772,0.1964064194958489
class21_class22,test,brightness,4528,987,86.27547741210081,96.33822553377625,True,0.3509531769247444,0.21499166729318595
class21_class22,test,contrast,4528,987,46.910052915765206,46.15562540226311,True,-0.06356553312684546,0.05061515245899878
class21_class22,test,saturation,4528,987,0.2417455417151407,0.2182713939363792,True,-0.1661930353577897,0.20686817317709738
class21_class22,test,entropy,4528,987,3.7401968413020845,3.955731227528068,True,0.308950437738889,0.14772184153715617
class21_class22,test,log_laplacian_var,4528,987,7.992790178234756,8.121672729447125,True,0.19646885748046797,0.08703874753419902
